date,total_parking_space,car_parking_space,scooter_parking_space,total_parking_income,total_income_count,income_car_count,income_scooter_count,total_income_hour,income_car_hour,income_scooter_hour,total_income_month,income_car_month,income_scooter_month,income_royalty,male_population,female_population,total_vehicle,total_car,total_scooter,total_population
2000-01-01,60278.0,58062.0,2216.0,208530375.0,8337230.0,8286230.0,51000.0,157521621.0,156574371.0,947250.0,31204920.0,31119420.0,85500.0,11466604.0,1304388.0,1335939.5,1589853.0,656314.0,933539.0,2640327.5
2000-02-01,60278.0,58062.0,2216.0,201502713.0,9751090.0,9715090.0,36000.0,147730109.0,146558839.0,1171270.0,31646160.0,31571160.0,75000.0,12375354.0,1304388.0,1335939.5,1584370.0,647398.0,936972.0,2640327.5
2000-03-01,60278.0,58062.0,2216.0,201502713.0,10604690.0,10571690.0,33000.0,141862739.0,141037849.0,824890.0,36659930.0,36554930.0,105000.0,12375354.0,1304388.0,1335939.5,1586148.0,645770.0,940378.0,2640327.5
2000-04-01,60278.0,58062.0,2216.0,206391067.0,10993720.0,10951720.0,42000.0,149632283.0,148813953.0,818330.0,33389710.0,33314710.0,75000.0,12375354.0,1304388.0,1335939.5,1593532.0,649686.0,943846.0,2640327.5
2000-05-01,60278.0,58062.0,2216.0,217140290.0,11170720.0,11146720.0,24000.0,159896186.0,159034346.0,861840.0,33586530.0,33492030.0,94500.0,12486854.0,1304388.0,1335939.5,1594956.0,649158.0,945798.0,2640327.5
2000-06-01,60278.0,58062.0,2216.0,164842636.0,7490993.0,7490993.0,24000.0,109019624.0,108052474.0,967150.0,34653665.0,34568165.0,85500.0,13678354.0,1304388.0,1335939.5,1597789.0,651472.0,946317.0,2640327.5
2000-07-01,60278.0,58062.0,2216.0,300502568.0,10007970.0,10007970.0,24000.0,240930404.0,239818074.0,1112330.0,35964740.0,35880740.0,84000.0,13599454.0,1304388.0,1335939.5,1604136.0,655359.0,948777.0,2640327.5
2000-08-01,60278.0,58062.0,2216.0,239310353.0,9118430.0,9118430.0,24000.0,179761369.0,178520279.0,1241090.0,36831100.0,36742600.0,88500.0,13599454.0,1304388.0,1335939.5,1610667.0,659868.0,950799.0,2640327.5
2000-09-01,60278.0,58062.0,2216.0,271397386.0,7254800.0,7254800.0,24000.0,212867542.0,211820892.0,1046650.0,37675590.0,37592040.0,83550.0,13599454.0,1304388.0,1335939.5,1616024.0,661682.0,954342.0,2640327.5
2000-10-01,60278.0,58062.0,2216.0,243524397.0,10207250.0,10207250.0,24000.0,184085270.0,183086470.0,998800.0,35872930.0,35783230.0,89700.0,13358947.0,1304388.0,1335939.5,1621237.0,664742.0,956495.0,2640327.5
2000-11-01,60278.0,58062.0,2216.0,245123969.0,8239600.0,8239600.0,24000.0,188615284.0,187631914.0,983370.0,37304630.0,37192880.0,111750.0,10964455.0,1304388.0,1335939.5,1624555.0,666234.0,958321.0,2640327.5
2000-12-01,60278.0,58062.0,2216.0,306947593.0,6072800.0,6072800.0,24000.0,251041945.0,249924715.0,1117230.0,38968889.0,38873939.0,94950.0,10863959.0,1304388.0,1335939.5,1625526.0,666513.0,959013.0,2640327.5
2001-01-01,59891.0,57675.0,2216.0,259622541.0,5015820.0,5015820.0,24000.0,207441068.0,206250948.0,1190120.0,36409150.0,36326800.0,82350.0,10756503.0,1309361.0,1337715.0,1629647.0,670323.0,959324.0,2647076.0
2001-02-01,60385.0,58169.0,2216.0,246225243.0,6172495.0,6172495.0,24000.0,193735756.0,192611776.0,1123980.0,35560490.0,35474390.0,86100.0,10756502.0,1308531.0,1337350.0,1631486.0,670691.0,960795.0,2645881.0
2001-03-01,60191.0,57975.0,2216.0,264483873.0,5292270.0,5281870.0,10400.0,209720270.0,208797490.0,922780.0,38761720.0,38656720.0,105000.0,10709613.0,1307593.0,1337009.0,1631276.0,671290.0,959986.0,2644602.0
2001-04-01,60618.0,58402.0,2216.0,249000474.0,4997160.0,4991360.0,5800.0,194554301.0,193606881.0,947420.0,38695400.0,38582900.0,112500.0,10753613.0,1306764.0,1336814.0,1631800.0,670924.0,960876.0,2643578.0
2001-05-01,60260.0,57887.0,2373.0,259822737.0,3736440.0,3726040.0,10400.0,208791023.0,207867893.0,923130.0,36541660.0,36456160.0,85500.0,10753614.0,1305601.0,1336219.0,1633310.0,671463.0,961847.0,2641820.0
2001-06-01,61464.0,59092.0,2372.0,250286444.0,3704690.0,3692490.0,12200.0,200061398.0,198631728.0,1429670.0,35815910.0,35719160.0,96750.0,10704446.0,1304877.0,1336159.0,1635769.0,672942.0,962827.0,2641036.0
2001-07-01,62479.0,59972.0,2507.0,255663635.0,4030550.0,4018750.0,11800.0,204537312.0,203167652.0,1369660.0,36674200.0,36569200.0,105000.0,10421573.0,1303899.0,1335720.0,1638067.0,673644.0,964423.0,2639619.0
2001-08-01,61725.0,59218.0,2507.0,261911689.0,4368030.0,4354030.0,14000.0,210009670.0,208640010.0,1369660.0,36797180.0,36724130.0,73050.0,10736809.0,1302240.0,1334571.0,1640095.0,674115.0,965980.0,2636811.0
2001-09-01,62475.0,59910.0,2565.0,160974452.0,1860515.0,1853915.0,6600.0,128555966.0,127877631.0,678335.0,22880663.0,22848413.0,32250.0,7677308.0,1301114.0,1333572.0,1641653.0,672762.0,968891.0,2634686.0
2001-10-01,62545.0,59980.0,2565.0,231116747.0,4409535.0,4406335.0,3200.0,180248865.0,179255285.0,993580.0,38753532.0,38708532.0,45000.0,7704815.0,1300875.0,1333554.0,1641776.0,670726.0,971050.0,2634429.0
2001-11-01,62805.0,60240.0,2565.0,251011133.0,4152955.0,4144555.0,8400.0,200868622.0,199842672.0,1025950.0,39298074.0,39142784.0,155290.0,6691482.0,1300855.0,1333759.0,1641551.0,670607.0,970944.0,2634614.0
2001-12-01,63275.0,60710.0,2565.0,257068704.0,3791120.0,3773320.0,17800.0,204351605.0,203314450.0,1037155.0,42077827.0,42002657.0,75170.0,6848152.0,1300179.0,1333623.0,1637348.0,667179.0,970169.0,2633802.0
2002-01-01,63628.0,61063.0,2565.0,256034776.0,3344670.0,3334670.0,10000.0,207286199.0,206338029.0,948170.0,38771120.0,38681185.0,89935.0,6632787.0,1299260.0,1333255.0,1640190.0,670999.0,969191.0,2632515.0
2002-02-01,63933.0,61174.0,2759.0,213673760.0,3945240.0,3935440.0,9800.0,169294034.0,167970084.0,1323950.0,34468416.0,34389216.0,79200.0,5966070.0,1298685.0,1333325.0,1641070.0,671206.0,969864.0,2632010.0
2002-03-01,63916.0,61157.0,2759.0,253017495.0,3751175.0,3744975.0,6200.0,201704220.0,200720565.0,983655.0,40840238.0,40731488.0,108750.0,6721862.0,1298862.0,1333927.0,1638485.0,670616.0,967869.0,2632789.0
2002-04-01,63371.0,60612.0,2759.0,252846495.0,3830640.0,3778230.0,52410.0,201382358.0,200317703.0,1064655.0,40871835.0,40744335.0,127500.0,6761662.0,1299339.0,1334689.0,1633802.0,669489.0,964313.0,2634028.0
2002-05-01,62716.0,59957.0,2759.0,250439575.0,3059230.0,3049830.0,9400.0,199398977.0,198162102.0,1236875.0,41107765.0,40987765.0,120000.0,6873603.0,1298958.0,1334653.0,1635018.0,670166.0,964852.0,2633611.0
2002-06-01,63126.0,60167.0,2959.0,229908388.0,2600580.0,2591380.0,9200.0,180720005.0,179561090.0,1158915.0,40562367.0,40442367.0,120000.0,6025436.0,1299658.0,1336020.0,1637820.0,671627.0,966193.0,2635678.0
2002-07-01,63054.0,60095.0,2959.0,258076633.0,3041340.0,3030740.0,10600.0,205704130.0,204386775.0,1317355.0,43226560.0,43121560.0,105000.0,6104603.0,1300532.0,1337610.0,1641222.0,673407.0,967815.0,2638142.0
2002-08-01,62986.0,60027.0,2959.0,252794281.0,2900810.0,2876200.0,24610.0,201810448.0,200336563.0,1473885.0,41040045.0,40938945.0,101100.0,7042978.0,1300239.0,1337384.0,1643968.0,673920.0,970048.0,2637623.0
2002-09-01,64164.0,60962.0,3202.0,199247598.0,3386790.0,3370230.0,16560.0,146782086.0,145665106.0,1116980.0,41897911.0,41781511.0,116400.0,7180811.0,1299949.0,1337266.0,1646657.0,674197.0,972460.0,2637215.0
2002-10-01,64304.0,61102.0,3202.0,244042920.0,5599475.0,5577965.0,21510.0,190139651.0,188948666.0,1190985.0,41696316.0,41590716.0,105600.0,6607478.0,1300578.0,1338516.0,1650000.0,675803.0,974197.0,2639094.0
2002-11-01,65444.0,62243.0,3201.0,234150536.0,5413545.0,5401140.0,12405.0,183628661.0,182206896.0,1421765.0,38577936.0,38480586.0,97350.0,6530394.0,1301718.0,1340068.0,1651151.0,676140.0,975011.0,2641786.0
2002-12-01,67657.0,63264.0,4393.0,247637416.0,6154625.0,6136390.0,18235.0,190927307.0,189716282.0,1211025.0,43680506.0,43568756.0,111750.0,6874978.0,1301458.0,1340398.0,1649219.0,677651.0,971568.0,2641856.0
2003-01-01,67301.0,62908.0,4393.0,240829686.0,5726395.0,5713945.0,12450.0,187202994.0,186058514.0,1144480.0,41153651.0,41055701.0,97950.0,6746646.0,1300439.0,1339864.0,1652014.0,681883.0,970131.0,2640303.0
2003-02-01,67452.0,62996.0,4456.0,200739055.0,6504400.0,6489915.0,14485.0,153841834.0,152605924.0,1235910.0,33646175.0,33543575.0,102600.0,6746646.0,1299729.0,1339410.0,1650800.0,680938.0,969862.0,2639139.0
2003-03-01,67274.0,62819.0,4455.0,246774254.0,5795110.0,5783025.0,12085.0,191103243.0,190155608.0,947635.0,43129255.0,42993955.0,135300.0,6746646.0,1298949.0,1339116.0,1652200.0,680884.0,971316.0,2638065.0
2003-04-01,67130.0,62675.0,4455.0,236739460.0,4595625.0,4586060.0,9565.0,183673039.0,182829254.0,843785.0,41768150.0,41645000.0,123150.0,6702646.0,1298263.0,1338692.0,1653230.0,681391.0,971839.0,2636955.0
2003-05-01,67101.0,62646.0,4455.0,232728897.0,3246820.0,3237560.0,9260.0,180569617.0,180175072.0,394545.0,42209814.0,42072714.0,137100.0,6702646.0,1296554.0,1337091.0,1656271.0,682929.0,973342.0,2633645.0
2003-06-01,66819.0,62364.0,4455.0,230214405.0,4884580.0,4874010.0,10570.0,174795502.0,173952792.0,842710.0,43902510.0,43766760.0,135750.0,6631813.0,1295144.0,1336236.0,1660787.0,685560.0,975227.0,2631380.0
2003-07-01,67510.0,63055.0,4455.0,251301895.0,5384780.0,5373380.0,11400.0,187985954.0,186833419.0,1152535.0,51299348.0,51159098.0,140250.0,6631813.0,1294291.0,1335583.0,1666916.0,688647.0,978269.0,2629874.0
2003-08-01,67327.0,62872.0,4455.0,253971630.0,5695745.0,5685245.0,10500.0,190692948.0,189438478.0,1254470.0,54774456.0,54635556.0,138900.0,2808481.0,1293185.0,1334975.0,1671952.0,689484.0,982468.0,2628160.0
2003-09-01,67539.0,63084.0,4455.0,251010290.0,6017990.0,6016540.0,1450.0,187314967.0,186336967.0,978000.0,54868852.0,54705952.0,162900.0,2808481.0,1292132.0,1334188.0,1679285.0,691110.0,988175.0,2626320.0
2003-10-01,67251.0,62796.0,4455.0,258668077.0,6280600.0,6267985.0,12615.0,193040379.0,192072804.0,967575.0,56077413.0,55913163.0,164250.0,3269685.0,1292087.0,1334565.0,1684228.0,692756.0,991472.0,2626652.0
2003-11-01,66820.0,62365.0,4455.0,248967146.0,5898100.0,5889990.0,8110.0,182167104.0,181210079.0,957025.0,57453717.0,57308217.0,145500.0,3448225.0,1291876.0,1334847.0,1688131.0,695060.0,993071.0,2626723.0
2003-12-01,67236.0,62781.0,4455.0,269938865.0,2862910.0,2849265.0,13645.0,201747999.0,200683504.0,1064495.0,61794177.0,61612527.0,181650.0,3533779.0,1291742.0,1335396.0,1688726.0,694390.0,994336.0,2627138.0
2004-01-01,68220.0,62831.0,5389.0,238341961.0,2981350.0,2969700.0,11650.0,168313424.0,167210869.0,1102555.0,60007608.0,59851308.0,156300.0,7039579.0,1291514.0,1335868.0,1696496.0,700838.0,995658.0,2627382.0
2004-02-01,69023.0,63541.0,5482.0,250613546.0,2376485.0,2369520.0,6965.0,179987898.0,178990318.0,997580.0,60053767.0,59907967.0,145800.0,8195396.0,1291424.0,1336419.0,1698470.0,700546.0,997924.0,2627843.0
2004-03-01,68904.0,63525.0,5379.0,269003818.0,2345560.0,2333085.0,12475.0,193456587.0,192687647.0,768940.0,65772067.0,65573317.0,198750.0,7429604.0,1290710.0,1336319.0,1702346.0,701705.0,1000641.0,2627029.0
2004-04-01,69755.0,64378.0,5377.0,268789907.0,2733925.0,2724205.0,9720.0,195230058.0,194353088.0,876970.0,63861954.0,63707754.0,154200.0,6963970.0,1289848.0,1336047.0,1706116.0,703589.0,1002527.0,2625895.0
2004-05-01,69688.0,64312.0,5376.0,277187250.0,2719200.0,2710450.0,8750.0,199821527.0,198651202.0,1170325.0,67768911.0,67593111.0,175800.0,6877612.0,1289528.0,1335984.0,1708562.0,704607.0,1003955.0,2625512.0
2004-06-01,69746.0,64370.0,5376.0,274081668.0,2890698.0,2881968.0,8730.0,195169143.0,193967313.0,1201830.0,69538398.0,69354048.0,184350.0,6483429.0,1289075.0,1336370.0,1712046.0,705678.0,1006368.0,2625445.0
2004-07-01,71185.0,64203.0,6982.0,290877243.0,3303210.0,3292010.0,11200.0,208265746.0,206950336.0,1315410.0,72235972.0,72049222.0,186750.0,7072315.0,1288462.0,1336396.0,1715874.0,707213.0,1008661.0,2624858.0
2004-08-01,71552.0,64570.0,6982.0,286777247.0,3580880.0,3572140.0,8740.0,203432097.0,202203347.0,1228750.0,71848305.0,71608605.0,239700.0,7915965.0,1287912.0,1336227.0,1720200.0,708678.0,1011522.0,2624139.0
2004-09-01,71474.0,64494.0,6980.0,265905438.0,2805365.0,2794520.0,10845.0,185043563.0,183809233.0,1234330.0,69800211.0,69483911.0,316300.0,8256299.0,1286582.0,1335059.0,1723749.0,707340.0,1016409.0,2621641.0
2004-10-01,72830.0,64930.0,7900.0,291179722.0,3585240.0,3432540.0,152700.0,201335468.0,199540163.0,1795305.0,77754576.0,77449976.0,304600.0,8504438.0,1286497.0,1335329.0,1727001.0,709037.0,1017964.0,2621826.0
2004-11-01,73017.0,65117.0,7900.0,293698212.0,4563200.0,4509500.0,53700.0,203199537.0,201133462.0,2066075.0,77431037.0,77126567.0,304470.0,8504438.0,1286628.0,1335937.0,1726831.0,709126.0,1017705.0,2622565.0
2004-12-01,73200.0,64802.0,8398.0,314002351.0,3775444.0,3103700.0,671744.0,220512794.0,218438869.0,2073925.0,80787761.0,80404261.0,383500.0,8926352.0,1286303.0,1336169.0,1726699.0,708315.0,1018384.0,2622472.0
2005-01-01,76484.0,64992.0,11492.0,300825774.0,3641050.0,3028325.0,612725.0,211803242.0,209262212.0,2541030.0,75759130.0,75401070.0,358060.0,9622352.0,1285802.0,1336140.0,1733234.0,713508.0,1019726.0,2621942.0
2005-02-01,75200.0,65008.0,10192.0,248006334.0,4830535.0,4308140.0,522395.0,158727811.0,156457911.0,2269900.0,74825636.0,74494536.0,331100.0,9622352.0,1285297.0,1336144.0,1735722.0,714234.0,1021488.0,2621441.0
2005-03-01,75201.0,64768.0,10433.0,308212160.0,4438740.0,3886415.0,552325.0,210125055.0,207870845.0,2254210.0,84026013.0,83607663.0,418350.0,9622352.0,1283857.0,1335165.0,1737565.0,715110.0,1022455.0,2619022.0
2005-04-01,75101.0,64713.0,10388.0,286814607.0,5271275.0,4708100.0,563175.0,194525238.0,192051253.0,2473985.0,77395742.0,76932172.0,463570.0,9622352.0,1283354.0,1335352.0,1739650.0,716326.0,1023324.0,2618706.0
2005-05-01,76324.0,65832.0,10492.0,294962093.0,5099535.0,4589530.0,510005.0,198215459.0,195625349.0,2590110.0,82024747.0,81576147.0,448600.0,9622352.0,1282520.0,1335174.0,1740585.0,716431.0,1024154.0,2617694.0
2005-06-01,76520.0,65718.0,10802.0,290041114.0,4594620.0,4073950.0,520670.0,195496836.0,192791126.0,2705710.0,79054422.0,78648452.0,405970.0,10895236.0,1281932.0,1335454.0,1743023.0,718442.0,1024581.0,2617386.0
2005-07-01,76718.0,65686.0,11032.0,295848557.0,4488220.0,3975000.0,513220.0,198555280.0,195991760.0,2563520.0,81909821.0,81526411.0,383410.0,10895236.0,1281210.0,1335583.0,1746447.0,722211.0,1024236.0,2616793.0
2005-08-01,76577.0,65615.0,10962.0,301946605.0,5755084.0,5117370.0,637714.0,202325104.0,199296269.0,3028835.0,81596182.0,81039587.0,556595.0,12270235.0,1281894.0,1337223.0,1748840.0,722114.0,1026726.0,2619117.0
2005-09-01,76511.0,65656.0,10855.0,285136412.0,4324375.0,3711685.0,612690.0,184994285.0,182361360.0,2632925.0,79995256.0,79513231.0,482025.0,15822496.0,1280628.0,1336406.0,1752599.0,723546.0,1029053.0,2617034.0
2005-10-01,77877.0,67022.0,10855.0,304913907.0,4792400.0,4102065.0,690335.0,198595766.0,195774486.0,2821280.0,84363674.0,83831739.0,531935.0,17162067.0,1280196.0,1336400.0,1755415.0,724111.0,1031304.0,2616596.0
2005-11-01,78375.0,66729.0,11646.0,303044636.0,4432250.0,4404260.0,27990.0,198996689.0,196202169.0,2794520.0,81646417.0,81105577.0,540840.0,17969280.0,1279357.0,1335951.0,1756576.0,723865.0,1032711.0,2615308.0
2005-12-01,78889.0,67023.0,11866.0,332144329.0,4032495.0,3958100.0,74395.0,222553974.0,219829860.0,2724114.0,87588580.0,87023400.0,565180.0,17969280.0,1279513.0,1336862.0,1756480.0,725508.0,1030972.0,2616375.0
2006-01-01,79601.0,67139.0,12462.0,303482781.0,1753225.0,1589145.0,164080.0,197093855.0,194305820.0,2788035.0,85624985.0,85132155.0,492830.0,19010716.0,1279225.0,1337248.0,1761531.0,730227.0,1031304.0,2616473.0
2006-02-01,80423.0,67961.0,12462.0,283614865.0,5767185.0,5404000.0,363185.0,174533685.0,171723570.0,2810115.0,84303279.0,83864179.0,439100.0,19010716.0,1279091.0,1337554.0,1762477.0,728806.0,1033671.0,2616645.0
2006-03-01,80610.0,68167.0,12443.0,325480639.0,4394345.0,3763920.0,630425.0,213770855.0,211622563.0,2148292.0,88076609.0,87647534.0,429075.0,19238830.0,1279427.0,1338631.0,1764239.0,728836.0,1035403.0,2618058.0
2006-04-01,80598.0,68132.0,12466.0,300179960.0,4169415.0,3513930.0,655485.0,189297588.0,186960115.0,2337473.0,87474127.0,87059452.0,414675.0,19238830.0,1279706.0,1339678.0,1766634.0,729882.0,1036752.0,2619384.0
2006-05-01,80606.0,68140.0,12466.0,314271707.0,4135220.0,3447000.0,688220.0,202122577.0,199340593.0,2781984.0,88824669.0,88286959.0,537710.0,19189241.0,1279955.0,1340738.0,1768961.0,731425.0,1037536.0,2620693.0
2006-06-01,80459.0,67993.0,12466.0,303310164.0,3791395.0,3087500.0,703895.0,192957245.0,190332719.0,2624526.0,87030285.0,86468910.0,561375.0,19531239.0,1281003.0,1342780.0,1768132.0,730752.0,1037380.0,2623783.0
2006-07-01,80916.0,68404.0,12512.0,302360077.0,4181865.0,3377455.0,804410.0,191057827.0,187999502.0,3058325.0,87853024.0,87258896.0,594128.0,19267361.0,1281521.0,1344236.0,1770202.0,731521.0,1038681.0,2625757.0
2006-08-01,81407.0,68508.0,12899.0,310462388.0,4592385.0,3678675.0,913710.0,192095550.0,188600440.0,3495110.0,94507092.0,93916164.0,590928.0,19267361.0,1281445.0,1344846.0,1771261.0,730612.0,1040649.0,2626291.0
2006-09-01,81146.0,68467.0,12679.0,292257766.0,3595960.0,2695710.0,900250.0,189068302.0,186620159.0,2448143.0,82706143.0,82179113.0,527030.0,16887361.0,1280733.0,1344708.0,1776411.0,731605.0,1044806.0,2625441.0
2006-10-01,80747.0,68109.0,12638.0,288694822.0,6162440.0,4419760.0,1742680.0,173058969.0,171064558.0,1994411.0,90862052.0,90246507.0,615545.0,18611361.0,1281321.0,1346153.0,1776661.0,731360.0,1045301.0,2627474.0
2006-11-01,80455.0,67819.0,12636.0,295917325.0,4013070.0,3314500.0,698570.0,190436365.0,187842300.0,2594065.0,82765529.0,82383134.0,382395.0,18702361.0,1282497.0,1348338.0,1778566.0,732031.0,1046535.0,2630835.0
2006-12-01,80894.0,68282.0,12612.0,310810654.0,3503320.0,2786720.0,716600.0,194532805.0,191714231.0,2818574.0,92494478.0,92183733.0,310745.0,20280051.0,1282691.0,1349551.0,1777903.0,731755.0,1046148.0,2632242.0
2007-01-01,80777.0,68170.0,12607.0,325322042.0,3990505.0,3228360.0,762145.0,209607290.0,207163242.0,2444048.0,79875884.0,79305959.0,569925.0,31848363.0,1281559.0,1349313.0,1781031.0,734363.0,1046668.0,2630872.0
2007-02-01,81163.0,68516.0,12647.0,274927558.0,5111115.0,4407760.0,703355.0,151731670.0,148647577.0,3084093.0,88338236.0,87931406.0,406830.0,29746537.0,1280330.0,1348776.0,1783328.0,734799.0,1048529.0,2629106.0
2007-03-01,81120.0,68475.0,12645.0,304019310.0,3742665.0,2988950.0,753715.0,195219826.0,192642395.0,2577431.0,88979972.0,88387197.0,592775.0,16076847.0,1278977.0,1347296.0,1785467.0,734450.0,1051017.0,2626273.0
2007-04-01,81273.0,68593.0,12680.0,290961346.0,5903900.0,4218640.0,1685260.0,186614517.0,184800904.0,1813613.0,76088955.0,75671130.0,417825.0,22353974.0,1279016.0,1348130.0,1785680.0,733655.0,1052025.0,2627146.0
2007-05-01,83348.0,69209.0,14139.0,317381946.0,5210440.0,2740140.0,2470300.0,216699691.0,214908948.0,1790743.0,74415309.0,73807339.0,607970.0,21056506.0,1278685.0,1348547.0,1786297.0,733350.0,1052947.0,2627232.0
2007-06-01,84865.0,69559.0,15306.0,278762200.0,3124420.0,1024560.0,2099860.0,185729595.0,184158946.0,1570649.0,74442118.0,73856993.0,585125.0,15466067.0,1278705.0,1349285.0,1788928.0,734138.0,1054790.0,2627990.0
2007-07-01,85190.0,69899.0,15291.0,316291690.0,7183495.0,4554530.0,2628965.0,216656944.0,214592875.0,2064069.0,71133777.0,70426677.0,707100.0,21317474.0,1278496.0,1349834.0,1788712.0,733483.0,1055229.0,2628330.0
2007-08-01,85282.0,69990.0,15292.0,310503430.0,3740980.0,1254320.0,2486660.0,207467691.0,205676620.0,1791071.0,78272823.0,77591793.0,681030.0,21021936.0,1277562.0,1349691.0,1789386.0,731527.0,1057859.0,2627253.0
2007-09-01,85906.0,69808.0,16098.0,275947255.0,6656120.0,4619900.0,2036220.0,186117765.0,184302077.0,1815688.0,67192087.0,66708812.0,483275.0,15981283.0,1276455.0,1348904.0,1793960.0,732229.0,1061731.0,2625359.0
2007-10-01,85836.0,69680.0,16156.0,304862796.0,6474990.0,4611810.0,1863180.0,196242499.0,194524962.0,1717537.0,77105208.0,76541958.0,563250.0,25040099.0,1276478.0,1349626.0,1794184.0,731954.0,1062230.0,2626104.0
2007-11-01,88205.0,69535.0,18670.0,299042608.0,5096900.0,1812560.0,3284340.0,204789422.0,204094157.0,695265.0,68134350.0,67579300.0,555050.0,21021936.0,1276883.0,1350644.0,1793918.0,730573.0,1063345.0,2627527.0
2007-12-01,87937.0,69288.0,18649.0,324647741.0,11425435.0,7485887.0,3939548.0,223700787.0,222943857.0,756930.0,77273503.0,76617878.0,655625.0,12248016.0,1277556.0,1351713.0,1791939.0,728277.0,1063662.0,2629269.0
2008-01-01,88391.0,69451.0,18940.0,326699601.0,8474684.0,4513150.0,3961534.0,214315226.0,214315226.0,2371958.415648803,67561930.0,66982605.0,579325.0,36347761.0,1277533.0,1352156.0,1794661.0,729513.0,1065148.0,2629689.0
2008-02-01,88195.0,69738.0,18457.0,290256158.0,8250893.0,4734650.0,3516243.0,189616956.0,189616956.0,2410971.2650209107,71753752.0,71151927.0,601825.0,20634557.0,1277751.0,1353215.0,1794280.0,728022.0,1066258.0,2630966.0
2008-03-01,88678.0,69651.0,19027.0,306989590.0,10324902.0,6647017.0,3677885.0,208816599.0,208816599.0,2535847.1881187838,69977890.0,69587090.0,390800.0,17870199.0,1277650.0,1353955.0,1793644.0,726237.0,1067407.0,2631605.0
2008-04-01,89742.0,70190.0,19552.0,300719571.0,8645306.0,4924496.0,3720810.0,194804883.0,194804883.0,2454633.5127477795,73052266.0,72403891.0,648375.0,24217116.0,1277234.0,1353732.0,1795812.0,725358.0,1070454.0,2630966.0
2008-05-01,89940.0,70535.0,19405.0,314584911.0,8113865.0,4261860.0,3852005.0,210967420.0,210967420.0,2470693.9069846254,70709368.0,70065768.0,643600.0,24794258.0,1276788.0,1353727.0,1798253.0,725437.0,1072816.0,2630515.0
2008-06-01,89498.0,70465.0,19033.0,295434885.0,7547591.0,3946096.0,3601495.0,198141967.0,198141967.0,2616652.3559715655,73359492.0,72876897.0,482595.0,16385835.0,1276120.0,1354071.0,1800049.0,725241.0,1074808.0,2630191.0
2008-07-01,89498.0,70517.0,18981.0,301795079.0,7525445.0,3430590.0,4094855.0,200705006.0,200705006.0,2459528.4177924935,67469867.0,66776442.0,693425.0,26094761.0,1275162.0,1353537.0,1800636.0,724570.0,1076066.0,2628699.0
2008-08-01,88903.0,70014.0,18889.0,305560376.0,8489280.0,4429710.0,4059570.0,200597069.0,200597069.0,2518694.229914073,73044960.0,72363085.0,681875.0,23429067.0,1273790.0,1352324.0,1799443.0,723101.0,1076342.0,2626114.0
2008-09-01,88927.0,69813.0,19114.0,274743596.0,7313305.0,3753350.0,3559955.0,182458657.0,182458657.0,2513843.4849570505,66974780.0,66308990.0,665790.0,17996854.0,1271922.0,1351011.0,1801268.0,722224.0,1079044.0,2622933.0
2008-10-01,88660.0,69663.0,18997.0,300141536.0,8202568.0,4404310.0,3798258.0,190837285.0,190837285.0,2529835.170185704,75006922.0,74224147.0,782775.0,26094761.0,1271456.0,1351083.0,1801245.0,721154.0,1080091.0,2622539.0
2008-11-01,88760.0,69655.0,19105.0,293270315.0,7139307.0,3624320.0,3514987.0,196289732.0,196289732.0,2534937.8075142074,66400129.0,65748029.0,652100.0,23441147.0,1270978.0,1351147.0,1800748.0,720436.0,1080312.0,2622125.0
2008-12-01,90046.0,69717.0,20329.0,307763128.0,7809450.0,4215060.0,3594390.0,213085822.0,213085822.0,2550883.986804966,70790945.0,70092595.0,698350.0,16076911.0,1270948.0,1351975.0,1798284.0,717624.0,1080660.0,2622923.0
2009-01-01,89894.0,68898.0,20996.0,267877941.0,6128730.0,2621420.0,3507310.0,179448573.0,179448573.0,2578873.727296347,60981175.0,60496600.0,484575.0,21319463.0,1270259.0,1351831.0,1798095.0,718301.0,1079794.0,2622090.0
2009-02-01,89640.0,68616.0,21024.0,285171881.0,6160460.0,2191280.0,3969180.0,185558486.0,185558486.0,2485061.5880481396,68379835.0,67622160.0,757675.0,25073100.0,1269131.0,1351142.0,1796412.0,716456.0,1079956.0,2620273.0
2009-03-01,89426.0,68380.0,21046.0,292755250.0,5150273.0,1622280.0,3527993.0,201061520.0,201061520.0,2470061.952140201,69966963.0,69158913.0,808050.0,16576494.0,1268796.0,1351124.0,1794289.0,714277.0,1080012.0,2619920.0
2009-04-01,89555.0,68013.0,21542.0,312849456.0,5402400.0,1673640.0,3728760.0,215887124.0,215887124.0,2527749.8315757606,68368617.0,67707817.0,660800.0,23191315.0,1267800.0,1350676.0,1792322.0,713358.0,1078964.0,2618476.0
2009-05-01,89513.0,68104.0,21409.0,288743926.0,6135960.0,1451440.0,4684520.0,193902645.0,193902645.0,2466527.293423889,64634785.0,63937385.0,697400.0,24070536.0,1267200.0,1350366.0,1791932.0,713479.0,1078453.0,2617566.0
2009-06-01,88974.0,68066.0,20908.0,260322713.0,5874627.0,1463740.0,4410887.0,168916958.0,168916958.0,2441831.3941293303,69268828.0,68481078.0,787750.0,16262300.0,1266401.0,1350119.0,1791668.0,714051.0,1077617.0,2616520.0
2009-07-01,89348.0,68520.0,20828.0,285992186.0,6721410.0,2015410.0,4706000.0,190794098.0,190794098.0,2405081.288623484,65112222.0,64337122.0,775100.0,23364456.0,1265627.0,1349658.0,1790993.0,713942.0,1077051.0,2615285.0
2009-08-01,88958.0,68479.0,20479.0,287066352.0,5946450.0,1517560.0,4428890.0,185338062.0,185338062.0,2533167.269660689,71851581.0,71181981.0,669600.0,23930259.0,1264203.0,1348402.0,1791440.0,713859.0,1077581.0,2612605.0
2009-09-01,89191.0,68716.0,20475.0,262762057.0,5414980.0,1227585.0,4187395.0,172613328.0,172613328.0,2580326.4050879832,62536297.0,62036347.0,499950.0,22197452.0,1262113.0,1346483.0,1792781.0,713200.0,1079581.0,2608596.0
2009-10-01,90217.0,68696.0,21521.0,267330228.0,5098673.0,1364575.0,3734098.0,161863800.0,161863800.0,2521181.14376238,73037888.0,72248288.0,789600.0,27329867.0,1261386.0,1346800.0,1794534.0,713567.0,1080967.0,2608186.0
2009-11-01,91138.0,69594.0,21544.0,260508876.0,5214457.0,1395695.0,3818762.0,170341765.0,170341765.0,2476959.400038462,63602795.0,62846035.0,756760.0,21349859.0,1260899.0,1346980.0,1796680.0,714414.0,1082266.0,2607879.0
2009-12-01,91094.0,69736.0,21358.0,276104469.0,4914250.0,1334860.0,3579390.0,181758890.0,181758890.0,2702143.9987235963,74832422.0,74037922.0,794500.0,14598907.0,1260450.0,1346978.0,1814114.0,721326.0,1092788.0,2607428.0
2010-01-01,90954.0,69596.0,21358.0,280815101.0,4554950.0,1283090.0,3271860.0,183836794.0,183836794.0,2593650.140184587,62112105.0,61361355.0,750750.0,30311252.0,1259546.0,1346605.0,1812087.0,720960.0,1091127.0,2606151.0
2010-02-01,91026.0,69677.0,21349.0,238172227.0,3650075.0,921900.0,2728175.0,144994495.0,144994495.0,2673355.6496159416,70624430.0,69918705.0,705725.0,18903227.0,1258904.0,1346159.0,1808881.0,719210.0,1089671.0,2605063.0
2010-03-01,91683.0,70010.0,21673.0,258961202.0,3901485.0,1087110.0,2814375.0,173191408.0,173191408.0,2527545.84294053,68792399.0,67913624.0,878775.0,13075910.0,1258557.0,1346187.0,1806368.0,718681.0,1087687.0,2604744.0
2010-04-01,91657.0,70060.0,21597.0,300149617.0,4237088.0,1018095.0,3218993.0,186197591.0,186197591.0,2632523.417260457,74543206.0,73791981.0,751225.0,35171732.0,1257798.0,1345853.0,1803908.0,717621.0,1086287.0,2603651.0
2010-05-01,92284.0,70196.0,22088.0,273072953.0,4922045.0,943005.0,3979040.0,183991420.0,183991420.0,2532019.71225933,68430765.0,67599315.0,831450.0,15728723.0,1257676.0,1346474.0,1804928.0,718659.0,1086269.0,2604150.0
2010-06-01,92161.0,69993.0,22168.0,243869392.0,4795061.0,775770.0,4019291.0,150049966.0,150049966.0,2612040.40091851,74628237.0,73836837.0,791400.0,14396128.0,1256830.0,1346038.0,1806005.0,719551.0,1086454.0,2602868.0
2010-07-01,91741.0,69722.0,22019.0,302016538.0,5487665.0,959175.0,4528490.0,189792016.0,189792016.0,2548113.1462103035,67758157.0,66911332.0,846825.0,38978700.0,1257688.0,1347669.0,1809893.0,721448.0,1088445.0,2605357.0
2010-08-01,91413.0,70113.0,21300.0,269716196.0,5911230.0,981130.0,4930100.0,169811836.0,169811836.0,2617741.2263562977,77663412.0,76771389.0,892023.0,16329718.0,1257395.0,1347914.0,1810387.0,721233.0,1089154.0,2605309.0
2010-09-01,91800.0,70380.0,21420.0,256265557.0,5520550.0,451410.0,5069140.0,169041522.0,169041522.0,2604881.068668846,66519897.0,65703497.0,816400.0,15183588.0,1258762.0,1350161.0,1814882.0,722948.0,1091934.0,2608923.0
2010-10-01,95409.0,74025.0,21384.0,303665594.0,5971650.0,640840.0,5330810.0,177730068.0,177730068.0,2736081.0712057333,79785480.0,78987150.0,798330.0,40178396.0,1260385.0,1352686.0,1817402.0,725096.0,1092306.0,2613071.0
2010-11-01,95764.0,74398.0,21366.0,265614511.0,5960475.0,766715.0,5193760.0,176015578.0,176015578.0,2619517.6196428984,68669420.0,67835400.0,834020.0,14969038.0,1261255.0,1354358.0,1818214.0,725837.0,1092377.0,2615613.0
2010-12-01,95481.0,74136.0,21345.0,226066320.0,6682521.0,695930.0,5986591.0,125437894.0,125437894.0,2753921.9718292244,79929535.0,79104735.0,824800.0,14016370.0,1262554.0,1356218.0,1819685.0,725121.0,1094564.0,2618772.0
2011-01-01,95753.0,74451.0,21302.0,314717110.0,6574588.0,466335.0,6108253.0,199569020.0,199569020.0,2692627.276706584,68454799.0,67717524.0,737275.0,40118703.0,1264359.0,1358524.0,1823462.0,729810.0,1093652.0,2622883.0
2011-02-01,95426.0,74135.0,21291.0,285766067.0,6854033.0,700920.0,6153113.0,190243672.0,190243672.0,2782108.0488725863,73601599.0,72923134.0,678465.0,15066763.0,1265280.0,1359511.0,1824843.0,730474.0,1094369.0,2624791.0
2011-03-01,95628.0,74355.0,21273.0,225045662.0,6025825.0,590555.0,5435270.0,131634190.0,131634190.0,2663340.434596872,73217980.0,72331030.0,886950.0,14167667.0,1266557.0,1361120.0,1826745.0,731882.0,1094863.0,2627677.0
2011-04-01,92030.0,70778.0,21252.0,311434249.0,7887104.0,770365.0,7116739.0,183410548.0,183410548.0,2794787.7699687965,78880073.0,78122998.0,757075.0,41256524.0,1267640.0,1362645.0,1828476.0,733195.0,1095281.0,2630285.0
2011-05-01,93006.0,71760.0,21246.0,267039323.0,8460882.0,594710.0,7866172.0,167664966.0,167664966.0,2652984.625034485,71994177.0,71090937.0,903240.0,18919298.0,1268856.0,1364188.0,1829019.0,733464.0,1095555.0,2633044.0
2011-06-01,92133.0,71744.0,20389.0,255881568.0,8100380.0,506815.0,7593565.0,154675632.0,154675632.0,2789072.072402235,78957879.0,78175554.0,782325.0,14147677.0,1269999.0,1365767.0,1831524.0,735650.0,1095874.0,2635766.0
2011-07-01,92010.0,71570.0,20440.0,278520417.0,10758460.0,748390.0,10010070.0,157160338.0,157160338.0,2727620.8374214713,72751626.0,71941101.0,810525.0,37849993.0,1270843.0,1367023.0,1835329.0,738819.0,1096510.0,2637866.0
2011-08-01,93021.0,72384.0,20637.0,282424865.0,11685566.0,757560.0,10928006.0,165269617.0,165269617.0,2785611.9851797856,83704124.0,82823684.0,880440.0,21765558.0,1271417.0,1367647.0,1834903.0,738121.0,1096782.0,2639064.0
2011-09-01,93137.0,72550.0,20587.0,262315823.0,11607992.0,517295.0,11090697.0,166127847.0,166127847.0,2741683.6031860877,68819756.0,68029681.0,790075.0,15760228.0,1271879.0,1368220.0,1839133.0,740078.0,1099055.0,2640099.0
2011-10-01,93201.0,72627.0,20574.0,297406416.0,11232455.0,549680.0,10682775.0,173037643.0,173037643.0,2875249.9570204113,84798953.0,83957753.0,841200.0,28337365.0,1273131.0,1370005.0,1842373.0,741581.0,1100792.0,2643136.0
2011-11-01,92714.0,72603.0,20111.0,272594468.0,10479384.0,272310.0,10207074.0,162362273.0,162362273.0,2773009.643797463,70613805.0,69793430.0,820375.0,29139006.0,1274740.0,1372382.0,1844292.0,742881.0,1101411.0,2647122.0
2011-12-01,92621.0,72538.0,20083.0,254340164.0,10664370.0,324210.0,10340160.0,144917865.0,144917865.0,2867789.1807493754,82998421.0,82152115.0,846306.0,15759508.0,1276343.0,1374625.0,1845686.0,744108.0,1101578.0,2650968.0
2012-01-01,94068.0,73484.0,20584.0,273789751.0,10489685.0,324210.0,10165475.0,165665260.0,165665260.0,2780376.111143822,73098492.0,72246917.0,851575.0,24536314.0,1277071.0,1375888.0,1849195.0,747496.0,1101699.0,2652959.0
2012-02-01,94378.0,73795.0,20583.0,281868219.0,7990140.0,304550.0,7685590.0,163335328.0,163335328.0,2910652.426805675,81945048.0,81170943.0,774105.0,28597703.0,1277560.0,1376388.0,1849346.0,747093.0,1102253.0,2653948.0
2012-03-01,94514.0,74012.0,20502.0,276935176.0,9942001.0,301530.0,9640471.0,177177467.0,177177467.0,2704214.8015823252,73045775.0,72169850.0,875925.0,16769933.0,1278723.0,1377789.0,1845912.0,748527.0,1097385.0,2656512.0
2012-04-01,94841.0,74225.0,20616.0,282202603.0,10180493.0,300520.0,9879973.0,163296582.0,163296582.0,2821377.9289123546,84399951.0,83549751.0,850200.0,24325577.0,1279554.0,1379131.0,1845686.0,748064.0,1097622.0,2658685.0
2012-05-01,94685.0,74071.0,20614.0,287203071.0,10814028.0,310560.0,10503468.0,173391432.0,173391432.0,2670001.0405780375,73930128.0,73035718.0,894410.0,29067483.0,1280457.0,1380560.0,1844451.0,749247.0,1095204.0,2661017.0
2012-06-01,94861.0,74166.0,20695.0,275126066.0,10599404.0,321040.0,10278364.0,164521797.0,164521797.0,2795836.289838869,82964387.0,82125697.0,838690.0,17040478.0,1281370.0,1381893.0,1846869.0,750640.0,1096229.0,2663263.0
2012-07-01,95345.0,74660.0,20685.0,262598054.0,9929930.0,351060.0,9578870.0,150057542.0,150057542.0,2708267.0002029985,75998709.0,75093479.0,905230.0,26611873.0,1281745.0,1382742.0,1849151.0,752075.0,1097076.0,2664487.0
2012-08-01,95438.0,74757.0,20681.0,294747957.0,10024815.0,350040.0,9674775.0,177336268.0,177336268.0,2802576.411766831,84958961.0,84058136.0,900825.0,22427913.0,1282160.0,1383442.0,1851224.0,753175.0,1098049.0,2665602.0
2012-09-01,95841.0,74876.0,20965.0,269884657.0,9705280.0,352440.0,9352840.0,168253231.0,168253231.0,2765101.21298266,72868947.0,72022047.0,846900.0,19057199.0,1282207.0,1383625.0,1853743.0,753170.0,1100573.0,2665832.0
2012-10-01,96718.0,75637.0,21081.0,310956817.0,9774908.0,351240.0,9423668.0,188137518.0,188137518.0,2830397.1864953786,87427539.0,86464184.0,963355.0,25616852.0,1283262.0,1384969.0,1855485.0,754408.0,1101077.0,2668231.0
2012-11-01,96738.0,75678.0,21060.0,274690904.0,9554677.0,301210.0,9253467.0,168979971.0,168979971.0,2750192.6056026407,71625561.0,70748586.0,876975.0,24530695.0,1284419.0,1386587.0,1856849.0,755323.0,1101526.0,2671006.0
2012-12-01,96734.0,75680.0,21054.0,215387871.0,10243429.0,312310.0,9931119.0,98088910.0,98088910.0,2831663.8165040947,88037254.0,87094729.0,942525.0,19018278.0,1285361.0,1387865.0,1856536.0,756602.0,1099934.0,2673226.0
2013-01-01,96795.0,75808.0,20987.0,380205984.0,10196430.0,323510.0,9872920.0,275393844.0,275393844.0,2719236.2189712636,71433219.0,70526694.0,906525.0,23182491.0,1286134.0,1388899.0,1859878.0,759190.0,1100688.0,2675033.0
2013-02-01,95327.0,75821.0,19506.0,252895821.0,3776720.0,212320.0,3564400.0,129179543.0,129179543.0,2939802.7816781215,94038109.0,93171559.0,866550.0,25901449.0,1286627.0,1389501.0,1860178.0,759446.0,1100732.0,2676128.0
2013-03-01,95113.0,75910.0,19203.0,299259845.0,11294883.0,302350.0,10992533.0,203249563.0,203249563.0,2670915.2909561507,66455981.0,65533106.0,922875.0,18259418.0,1287311.0,1390460.0,1860399.0,759392.0,1101007.0,2677771.0
2013-04-01,95670.0,76251.0,19419.0,302855095.0,12519005.0,421300.0,12097705.0,171476195.0,171476195.0,2948828.5318711307,99408931.0,98456596.0,952335.0,19450964.0,1287663.0,1391388.0,1860671.0,759044.0,1101627.0,2679051.0
2013-05-01,95602.0,76176.0,19426.0,274783480.0,13094332.0,413000.0,12681332.0,171513760.0,171513760.0,2674189.9621716924,63390638.0,62455403.0,935235.0,26784750.0,1288081.0,1392215.0,1863745.0,760126.0,1103619.0,2680296.0
2013-06-01,95494.0,76151.0,19343.0,313468238.0,13030785.0,432000.0,12598785.0,183729369.0,183729369.0,2698710.3944986947,99779368.0,98299507.0,1479861.0,16928716.0,1288596.0,1392958.0,1867538.0,761939.0,1105599.0,2681554.0
2013-07-01,95152.0,76077.0,19075.0,244847927.0,13116768.0,402500.0,12714268.0,149472880.0,149472880.0,2651002.180309834,64363988.0,63354693.0,1009295.0,17894291.0,1288816.0,1393556.0,1868170.0,763718.0,1104452.0,2682372.0
2013-08-01,95128.0,75925.0,19203.0,319966329.0,12675770.0,414500.0,12261270.0,178851125.0,178851125.0,2765370.2503890693,101564086.0,100678046.0,886040.0,26875348.0,1288485.0,1393532.0,1846880.0,762195.0,1084685.0,2682017.0
2013-09-01,95113.0,75910.0,19203.0,254535489.0,12197345.0,410300.0,11787045.0,163448705.0,163448705.0,1934737.5488510486,62477949.0,61438692.0,1039257.0,16411490.0,1288195.0,1393389.0,1819260.0,762745.0,1056515.0,2681584.0
2013-10-01,95063.0,75872.0,19191.0,316786914.0,12527910.0,420400.0,12107510.0,179495437.0,179495437.0,2268493.1085086986,103604601.0,102592276.0,1012325.0,21158966.0,1288549.0,1394290.0,1817855.0,764115.0,1053740.0,2682839.0
2013-11-01,95169.0,76029.0,19140.0,285077278.0,12432315.0,410820.0,12021495.0,190171955.0,190171955.0,1939083.8928702418,58075749.0,57182199.0,893550.0,24397259.0,1289204.0,1395363.0,1819732.0,766237.0,1053495.0,2684567.0
2013-12-01,95190.0,76044.0,19146.0,205410094.0,5212800.0,214560.0,4998240.0,168135440.0,168135440.0,1247277.7731075753,15786109.0,14793259.0,992850.0,16275745.0,1289945.0,1396571.0,1802910.0,768100.0,1034810.0,2686516.0
2014-01-01,95038.0,75904.0,19134.0,393341449.0,5393880.0,242560.0,5151320.0,309951939.0,309951939.0,1683350.4763937797,56554232.0,55663737.0,890495.0,21441398.0,1290558.0,1397582.0,1808725.0,772395.0,1036330.0,2688140.0
2014-02-01,95022.0,75888.0,19134.0,267878526.0,7859608.0,225610.0,7633998.0,133206598.0,133206598.0,2101272.9020297863,104574481.0,103641091.0,933390.0,22237839.0,1291019.0,1398308.0,1810350.0,772209.0,1038141.0,2689327.0
2014-03-01,94990.0,75872.0,19118.0,305667726.0,7852255.0,215740.0,7636515.0,216402397.0,216402397.0,1055785.4692916851,61999023.0,60999398.0,999625.0,19414051.0,1291306.0,1398926.0,1766393.0,772977.0,993416.0,2690232.0
2014-04-01,94759.0,75887.0,18872.0,319594704.0,8331860.0,205720.0,8126140.0,183664257.0,183664257.0,1978939.1258608457,107889298.0,106975573.0,913725.0,19709289.0,1291738.0,1399593.0,1800873.0,774163.0,1026710.0,2691331.0
2014-05-01,94224.0,75629.0,18595.0,283946443.0,9152825.0,224750.0,8928075.0,189932491.0,189932491.0,1050467.051451493,59056079.0,58128184.0,927895.0,25805048.0,1291858.0,1400280.0,1768277.0,776398.0,991879.0,2692138.0
2014-06-01,94297.0,75702.0,18595.0,311319285.0,9233645.0,204770.0,9028875.0,171729742.0,171729742.0,1476651.1447535735,109898211.0,108968741.0,929470.0,20457687.0,1292391.0,1401281.0,1769624.0,778782.0,990842.0,2693672.0
2014-07-01,94323.0,75728.0,18595.0,266589400.0,9090435.0,211770.0,8878665.0,180064692.0,180064692.0,885585.1261390354,60006369.0,59045909.0,960460.0,17427904.0,1292989.0,1402038.0,1762918.0,781860.0,981058.0,2695027.0
2014-08-01,93998.0,75390.0,18608.0,336653020.0,9781670.0,221740.0,9559930.0,194343797.0,194343797.0,1377043.0784511957,108014175.0,107099750.0,914425.0,24513378.0,1292896.0,1402111.0,1766759.0,782386.0,984373.0,2695007.0
2014-09-01,93827.0,75234.0,18593.0,271065469.0,9761320.0,241780.0,9519540.0,182390713.0,182390713.0,956434.2028427254,59629486.0,58710121.0,919365.0,19283950.0,1293032.0,1402617.0,1768809.0,784239.0,984570.0,2695649.0
2014-10-01,93774.0,75201.0,18573.0,320596817.0,9390273.0,251740.0,9138533.0,185152671.0,185152671.0,1392730.2685398348,109566067.0,108605982.0,960085.0,16487806.0,1293884.0,1403760.0,1771910.0,785498.0,986412.0,2697644.0
2014-11-01,93871.0,75368.0,18503.0,284289028.0,10366035.0,255240.0,10110795.0,187114534.0,187114534.0,1002388.0442790184,60342908.0,59443608.0,899300.0,26465551.0,1294867.0,1405224.0,1774206.0,787671.0,986535.0,2700091.0
2014-12-01,94149.0,75576.0,18573.0,201168740.0,4229520.0,205210.0,4024310.0,165923717.0,165923717.0,429913.3785808645,12393575.0,11373830.0,1019745.0,18621928.0,1295636.0,1406679.0,1768239.0,787676.0,980563.0,2702315.0
2015-01-01,94194.0,75627.0,18567.0,405726768.0,4246460.0,285610.0,3960850.0,322139697.0,322139697.0,889726.380404165,59412264.0,58486689.0,925575.0,19928347.0,1296292.0,1407841.0,1771229.0,790957.0,980272.0,2704133.0
2015-02-01,95042.0,76495.0,18547.0,319888556.0,11444480.0,215420.0,11229060.0,172615457.0,172615457.0,1316799.6756254155,109409276.0,108468546.0,940730.0,26419343.0,1296676.0,1408437.0,1771574.0,791200.0,980374.0,2705113.0
2015-03-01,96131.0,77532.0,18599.0,274565074.0,10891555.0,242110.0,10649445.0,177025779.0,177025779.0,915342.6642851457,68220355.0,67164430.0,1055925.0,18427385.0,1297022.0,1408936.0,1773947.0,791874.0,982073.0,2705958.0
2015-04-01,96356.0,78002.0,18354.0,340511441.0,12256721.0,1282150.0,10974571.0,198486474.0,198486474.0,1200955.937499389,111334116.0,110139441.0,1194675.0,18434130.0,1296967.0,1408982.0,1773883.0,792343.0,981540.0,2705949.0
2015-05-01,97043.0,78697.0,18346.0,341434573.0,11194015.0,1062140.0,10131875.0,220065646.0,220065646.0,1044218.6892284285,63433710.0,62742780.0,690930.0,46741202.0,1296713.0,1409208.0,1772588.0,793601.0,978987.0,2705921.0
2015-06-01,99391.0,80922.0,18469.0,321485726.0,11378255.0,862130.0,10516125.0,183690327.0,183690327.0,1318219.1073670592,109986869.0,109079044.0,907825.0,16430275.0,1296639.0,1409391.0,1773865.0,795102.0,978763.0,2706030.0
2015-07-01,99604.0,81144.0,18460.0,272445519.0,10711250.0,821030.0,9890220.0,184801795.0,184801795.0,956777.818846032,60491244.0,59815194.0,676050.0,16441230.0,1295296.0,1408148.0,1771132.0,797106.0,974026.0,2703444.0
2015-08-01,101127.0,82673.0,18454.0,367672296.0,11160188.0,811040.0,10349148.0,198031330.0,198031330.0,1259997.9517064616,114157136.0,113208116.0,949020.0,44323642.0,1294376.0,1407195.0,1770173.0,796347.0,973826.0,2701571.0
2015-09-01,102215.0,83610.0,18605.0,269549662.0,10564778.0,781020.0,9783758.0,179731779.0,179731779.0,928245.8150661662,60164838.0,59412988.0,751850.0,19088267.0,1293595.0,1406520.0,1772268.0,796919.0,975349.0,2700115.0
2015-10-01,101972.0,83372.0,18600.0,329211917.0,10503756.0,710820.0,9792936.0,190109759.0,190109759.0,1233098.626976924,111942876.0,110958726.0,984150.0,16655526.0,1294125.0,1407389.0,1772455.0,797717.0,974738.0,2701514.0
2015-11-01,102009.0,83430.0,18579.0,347335018.0,10550966.0,708140.0,9842826.0,225925028.0,225925028.0,907505.11538136,61720602.0,61019362.0,701240.0,49138422.0,1294629.0,1408180.0,1769416.0,798563.0,970853.0,2702809.0
2015-12-01,112152.0,93557.0,18595.0,278377609.0,10106903.0,680810.0,9426093.0,173639640.0,173639640.0,870096.111666007,71920953.0,71200303.0,720650.0,22710113.0,1295462.0,1409348.0,1762045.0,799248.0,962797.0,2704810.0
2016-01-01,113234.0,94807.0,18427.0,416233142.0,9371601.0,674520.0,8697081.0,331066363.0,331066363.0,721815.0850994717,57084234.0,56397954.0,686280.0,18710944.0,1295411.0,1409563.0,1760965.0,800945.0,960020.0,2704974.0
2016-02-01,113031.0,94848.0,18183.0,330477588.0,6004000.0,324520.0,5679480.0,166591506.0,166591506.0,984052.6418310162,108381523.0,107377663.0,1003860.0,49500559.0,1295039.0,1409371.0,1760585.0,800357.0,960228.0,2704410.0
2016-03-01,113208.0,95157.0,18051.0,327147832.0,5686121.0,304540.0,5381581.0,236250902.0,236250902.0,708542.7533831913,62612304.0,61828204.0,784100.0,22598505.0,1294885.0,1409610.0,1759763.0,800014.0,959749.0,2704495.0
2016-04-01,113291.0,95292.0,17999.0,355134757.0,5368928.0,345430.0,5023498.0,216878954.0,216878954.0,969587.0575330313,109114873.0,108104491.0,1010382.0,23772002.0,1294385.0,1409444.0,1759625.0,800592.0,959033.0,2703829.0
2016-05-01,113366.0,95464.0,17902.0,380266764.0,5124383.0,315230.0,4809153.0,264288675.0,264288675.0,710623.9719664026,61348230.0,60600405.0,747825.0,49505476.0,1293702.0,1409228.0,1759747.0,800577.0,959170.0,2702930.0
2016-06-01,113579.0,95681.0,17898.0,316285088.0,5918783.0,375250.0,5543533.0,178536354.0,178536354.0,951363.5994672421,110798410.0,109747990.0,1050420.0,21031541.0,1293639.0,1409286.0,1761310.0,802933.0,958377.0,2702925.0
2016-07-01,113729.0,95806.0,17923.0,297478890.0,6058853.0,345150.0,5713703.0,206636964.0,206636964.0,656925.6930789258,60946967.0,60179907.0,767060.0,23836106.0,1292896.0,1408749.0,1760943.0,804507.0,956436.0,2701645.0
2016-08-01,114227.0,96240.0,17987.0,416586191.0,6037745.0,305140.0,5732605.0,244508867.0,244508867.0,928662.7301270068,112377914.0,111358109.0,1019805.0,53661665.0,1291456.0,1407135.0,1757307.0,802753.0,954554.0,2698591.0
2016-09-01,114671.0,96684.0,17987.0,274467565.0,5847100.0,301240.0,5545860.0,190134887.0,190134887.0,579295.6196073722,55074838.0,54288888.0,785950.0,23410740.0,1290311.0,1406005.0,1759766.0,804419.0,955347.0,2696316.0
2016-10-01,114899.0,96914.0,17985.0,372741410.0,5278173.0,312400.0,4965773.0,228515302.0,228515302.0,893027.3005953338,112260266.0,111167991.0,1092275.0,26687669.0,1290248.0,1406071.0,1759557.0,804444.0,955113.0,2696319.0
2016-11-01,115849.0,97864.0,17985.0,348638366.0,5081457.0,327030.0,4754427.0,232748826.0,232748826.0,594513.6130059045,54619793.0,53898418.0,721375.0,56188290.0,1289721.0,1405931.0,1759106.0,805077.0,954029.0,2695652.0
2016-12-01,116060.0,97981.0,18079.0,288102147.0,5369338.0,370130.0,4999208.0,147459647.0,147459647.0,832575.1967623066,112242019.0,111118166.0,1123853.0,23031143.0,1289510.0,1406194.0,1756877.0,804697.0,952180.0,2695704.0
2017-01-01,116424.0,98134.0,18290.0,378695603.0,5168436.0,378180.0,4790256.0,287151019.0,287151019.0,571776.5325805955,52807845.0,52140428.0,667417.0,33568303.0,1289308.0,1406063.0,1757473.0,806162.0,951311.0,2695371.0
2017-02-01,116279.0,98052.0,18227.0,261181263.0,4359775.0,208150.0,4151625.0,121427579.0,121427579.0,839818.2905724533,104585714.0,103608794.0,976920.0,30808195.0,1288568.0,1405627.0,1756620.0,805320.0,951300.0,2694195.0
2017-03-01,116408.0,98161.0,18247.0,464039703.0,4574559.0,281540.0,4293019.0,365268413.0,365268413.0,512267.9807965085,59897332.0,59017341.0,879991.0,34299399.0,1287959.0,1405354.0,1757120.0,805546.0,951574.0,2693313.0
2017-04-01,116384.0,98093.0,18291.0,369085540.0,5087418.0,285440.0,4801978.0,216335459.0,216335459.0,785726.181184167,106495879.0,105390614.0,1105265.0,41166784.0,1287277.0,1404841.0,1757694.0,806064.0,951630.0,2692118.0
2017-05-01,115880.0,97700.0,18180.0,331396669.0,4882543.0,295470.0,4587073.0,232304773.0,232304773.0,539759.0946033671,52432714.0,51692159.0,740555.0,41776639.0,1286421.0,1404392.0,1758777.0,806468.0,952309.0,2690813.0
2017-06-01,115722.0,97586.0,18136.0,365489389.0,4732145.0,285410.0,4446735.0,214605279.0,214605279.0,767160.1344363242,105779194.0,104637564.0,1141630.0,40372771.0,1285810.0,1404035.0,1759484.0,807220.0,952264.0,2689845.0
2017-07-01,116038.0,97653.0,18385.0,285351711.0,4977442.0,325450.0,4651992.0,185406508.0,185406508.0,464485.53291969374,52894560.0,52124183.0,770377.0,42073201.0,1284637.0,1402992.0,1756468.0,808499.0,947969.0,2687629.0
2017-08-01,115913.0,97509.0,18404.0,365511432.0,4958873.0,335410.0,4623463.0,210812792.0,210812792.0,707975.8313192017,107540770.0,106347845.0,1192925.0,42198997.0,1283373.0,1401829.0,1757916.0,808769.0,949147.0,2685202.0
2017-09-01,116346.0,97241.0,19105.0,332461370.0,5013283.0,354105.0,4659178.0,235482757.0,235482757.0,492839.97169733234,51280297.0,50502092.0,778205.0,40685033.0,1282133.0,1400760.0,1760560.0,809290.0,951270.0,2682893.0
2017-10-01,116887.0,97909.0,18978.0,370637237.0,5936508.0,341205.0,5595303.0,217686874.0,217686874.0,750888.2981150355,107096116.0,105909941.0,1186175.0,39917739.0,1282133.0,1401069.0,1762262.0,810107.0,952155.0,2683202.0
2017-11-01,116836.0,97912.0,18924.0,307405919.0,5204161.0,312050.0,4892111.0,213582047.0,213582047.0,522779.1209988706,47316994.0,46612319.0,704675.0,41302717.0,1282030.0,1401291.0,1763217.0,810458.0,952759.0,2683321.0
2017-12-01,116693.0,97916.0,18777.0,262597010.0,5364302.0,320500.0,5043802.0,106111376.0,106111376.0,781013.2567477245,105788669.0,104637021.0,1151648.0,45332663.0,1281917.0,1401340.0,1763824.0,810179.0,953645.0,2683257.0
2018-01-01,117546.0,98470.0,19076.0,455275863.0,5730220.0,375500.0,5354720.0,355217753.0,355217753.0,528589.9254081957,46873858.0,46164043.0,709815.0,47454032.0,1281596.0,1401125.0,1764915.0,811265.0,953650.0,2682721.0
2018-02-01,117739.0,98663.0,19076.0,325096537.0,4091453.0,352500.0,3738953.0,181211567.0,181211567.0,759337.0829573721,98860081.0,97776031.0,1084050.0,40933436.0,1280882.0,1400493.0,1764770.0,811207.0,953563.0,2681375.0
2018-03-01,118034.0,98842.0,19192.0,336323729.0,4492188.0,315200.0,4176988.0,236108903.0,236108903.0,502717.6188338287,50257028.0,49454953.0,802075.0,45465610.0,1280179.0,1400039.0,1764619.0,811045.0,953574.0,2680218.0
2018-04-01,118773.0,99290.0,19483.0,375730984.0,4809093.0,375280.0,4433813.0,224630222.0,224630222.0,741998.5403605085,95517018.0,94454343.0,1062675.0,50774651.0,1279308.0,1399387.0,1764713.0,811209.0,953504.0,2678695.0
2018-05-01,119043.0,99358.0,19685.0,285439666.0,5080823.0,395250.0,4685573.0,177833770.0,177833770.0,517831.1318160724,46242571.0,45528796.0,713775.0,56282502.0,1278241.0,1398526.0,1764908.0,811465.0,953443.0,2676767.0
2018-06-01,119278.0,99561.0,19717.0,407212144.0,4844988.0,398240.0,4446748.0,252937420.0,252937420.0,742024.9954845812,95953553.0,94882017.0,1071536.0,53476183.0,1277544.0,1398169.0,1766756.0,813151.0,953605.0,2675713.0
2018-07-01,119505.0,99631.0,19874.0,336860353.0,4666339.0,386240.0,4280099.0,225325492.0,225325492.0,441822.7982487045,45254426.0,44440121.0,814305.0,61614096.0,1276592.0,1397471.0,1767038.0,814183.0,952855.0,2674063.0
2018-08-01,120408.0,99932.0,20476.0,382227290.0,4787704.0,362410.0,4425294.0,224746893.0,224746893.0,567299.4446728248,94491611.0,93342936.0,1148675.0,58201082.0,1275635.0,1396457.0,1758242.0,812837.0,945405.0,2672092.0
2018-09-01,120437.0,99908.0,20529.0,319780358.0,4507218.0,324520.0,4182698.0,212901236.0,212901236.0,381403.23283712566,45905477.0,45151052.0,754425.0,56466427.0,1274341.0,1395298.0,1759653.0,813912.0,945741.0,2669639.0
2018-10-01,120528.0,99718.0,20810.0,383542377.0,4835862.0,384550.0,4451312.0,224068586.0,224068586.0,540530.3515886385,95002869.0,93794249.0,1208620.0,59635060.0,1274295.0,1395579.0,1759542.0,813856.0,945686.0,2669874.0
2018-11-01,121281.0,100078.0,21203.0,327539747.0,5160305.0,584550.0,4575755.0,223944270.0,223944270.0,325576.1727480106,43356513.0,42563103.0,793410.0,55078659.0,1274089.0,1395545.0,1759437.0,814453.0,944984.0,2669634.0
2018-12-01,122770.0,99982.0,22788.0,258476940.0,5976765.0,511550.0,5465215.0,96538256.0,96299946.0,238310.0,97047662.0,95790471.0,1257191.0,58914257.0,1273375.0,1395197.0,1757922.0,813751.0,944171.0,2668572.0
2019-01-01,123372.0,100583.0,22789.0,374505588.0,5717795.0,541520.0,5176275.0,267765357.0,267572687.0,192670.0,40570556.0,39783056.0,787500.0,60451880.0,1272385.0,1394523.0,1758801.0,814659.0,944142.0,2666908.0
2019-02-01,123321.0,100364.0,22957.0,369831726.0,9005689.0,795640.0,8210049.0,214406865.0,214206406.0,200459.0,90171671.0,88963086.0,1208585.0,56247501.0,1271327.0,1393656.0,1757990.0,813582.0,944408.0,2664983.0
2019-03-01,125147.0,100829.0,24318.0,352842995.0,11954928.0,795640.0,11159288.0,234238112.0,233936667.0,301445.0,46076936.0,45238991.0,837945.0,60573019.0,1270279.0,1393146.0,1757671.0,813139.0,944532.0,2663425.0
2019-04-01,125078.0,100756.0,24322.0,381497373.0,14410715.0,795640.0,13615075.0,220554382.0,220318002.0,236380.0,88206641.0,86975966.0,1230675.0,58325635.0,1269117.0,1392200.0,1757290.0,812367.0,944923.0,2661317.0
2019-05-01,125578.0,100937.0,24641.0,347480598.0,14493112.0,630689.0,13862423.0,231999195.0,231758562.0,240633.0,41945740.0,41193340.0,752400.0,59042551.0,1267542.0,1391073.0,1758156.0,813056.0,945100.0,2658615.0
2019-06-01,125408.0,100767.0,24641.0,344340529.0,17424830.0,670610.0,16754220.0,179307748.0,178970055.0,337693.0,94896741.0,93556346.0,1340395.0,52711210.0,1266944.0,1390708.0,1759770.0,814450.0,945320.0,2657652.0
2019-07-01,132510.0,101145.0,31365.0,345656252.0,17669275.0,1099010.0,16570265.0,221144929.0,220751531.0,393398.0,41498715.0,40737020.0,761695.0,65343333.0,1265088.0,1388920.0,1759612.0,814942.0,944670.0,2654008.0
2019-08-01,133640.0,101174.0,32466.0,380561941.0,18269590.0,2095010.0,16174580.0,211143818.0,210748690.0,395128.0,87545745.0,86281960.0,1263785.0,63602788.0,1263106.0,1387048.0,1757486.0,812907.0,944579.0,2650154.0
2019-09-01,136178.0,101256.0,34922.0,289086002.0,17716485.0,2198010.0,15518475.0,165712725.0,165344142.0,368583.0,43897037.0,43138162.0,758875.0,61759755.0,1261548.0,1385616.0,1757427.0,812504.0,944923.0,2647164.0
2019-10-01,135857.0,100948.0,34909.0,406858020.0,17687745.0,2008010.0,15679735.0,239183891.0,238865141.0,318750.0,86555300.0,85236830.0,1318470.0,63431084.0,1260951.0,1385253.0,1758931.0,813465.0,945466.0,2646204.0
2019-11-01,136066.0,101050.0,35016.0,326890439.0,23020340.0,5684950.0,17335390.0,206124530.0,205724207.0,400323.0,37499662.0,36788437.0,711225.0,60245907.0,1260292.0,1385001.0,1764466.0,814665.0,949801.0,2645293.0
2019-12-01,136495.0,100915.0,35580.0,276123742.0,22250865.0,5681950.0,16568915.0,95917853.0,95498979.0,418874.0,89491345.0,88196759.0,1294586.0,68463679.0,1260049.0,1384992.0,1767624.0,815569.0,952055.0,2645041.0
2020-01-01,137806.0,101721.0,36085.0,442717146.0,17528920.0,3357410.0,14171510.0,319119978.0,318767345.0,352633.0,38623634.0,37863311.0,760323.0,67444614.0,1258801.0,1384076.0,1767364.0,815882.0,951482.0,2642877.0
2020-02-01,140420.0,101369.0,39051.0,273261570.0,32320975.0,16590660.0,15730315.0,97631470.0,97270825.0,360645.0,80981353.0,79795453.0,1185900.0,62327772.0,1256806.0,1382278.0,1765812.0,814868.0,950944.0,2639084.0
2020-03-01,140612.0,101555.0,39057.0,397928925.0,35598189.0,18153535.0,17444654.0,250632987.0,250210659.0,422328.0,44134328.0,43315748.0,818580.0,67563421.0,1254826.0,1380460.0,1765129.0,814753.0,950376.0,2635286.0
2020-04-01,140544.0,101093.0,39451.0,363475133.0,32616750.0,16709665.0,15907085.0,190360165.0,189960815.0,399350.0,75846098.0,74682708.0,1163390.0,64652120.0,1252726.0,1378357.0,1762241.0,813458.0,948783.0,2631083.0
2020-05-01,141134.0,101314.0,39820.0,336395808.0,34625455.0,17761580.0,16863875.0,207975821.0,207554863.0,420958.0,35022376.0,34353471.0,668905.0,58772156.0,1250381.0,1376004.0,1761832.0,813600.0,948232.0,2626385.0
2020-06-01,142370.0,101657.0,40713.0,361968215.0,32630595.0,16086790.0,16543805.0,243770420.0,243376469.0,393951.0,34891991.0,34223086.0,668905.0,50675209.0,1249258.0,1374885.0,1762421.0,814406.0,948015.0,2624143.0
2020-07-01,144845.0,101947.0,42898.0,343644453.0,40698829.0,16052000.0,24646829.0,232144981.0,231751030.0,393951.0,33693998.0,33025998.0,668000.0,37106645.0,1247311.0,1372726.0,1762126.0,814247.0,947879.0,2620037.0
2020-08-01,144878.0,102018.0,42860.0,278117402.0,49991740.0,36613090.0,13378650.0,110582682.0,110158915.0,423767.0,67206395.0,66438280.0,768115.0,50336585.0,1245157.0,1370485.0,1762170.0,814058.0,948112.0,2615642.0
2020-09-01,153111.0,102184.0,50927.0,338422890.0,61289036.0,38614800.0,22674236.0,206145736.0,205793838.0,351898.0,11303972.0,11271872.0,32100.0,59684146.0,1242747.0,1368015.0,1763577.0,814972.0,948605.0,2610762.0
2020-10-01,152438.0,101579.0,50859.0,371752858.0,43145518.0,26402900.0,16742618.0,157127789.0,156626876.0,500913.0,88490799.0,87830524.0,660275.0,82988752.0,1241493.0,1366839.0,1767736.0,819186.0,948550.0,2608332.0
2020-11-01,152412.0,101736.0,50676.0,427820578.0,43618651.0,16450492.0,27168159.0,277013459.0,276575193.0,438266.0,29263509.0,28643239.0,620270.0,77924959.0,1240053.0,1365316.0,1764781.0,816700.0,948081.0,2605369.0
2020-12-01,152756.0,101720.0,51036.0,194700939.0,31808217.0,16450492.0,15357725.0,151517626.0,151090996.0,426630.0,2103491.0,1604516.0,498975.0,9271605.0,1238618.0,1363800.0,1762098.0,815343.0,946755.0,2602418.0
2021-01-01,161755.0,100904.0,60851.0,444047092.0,175802229.0,161193859.0,14608370.0,96606739.0,96232616.0,374123.0,91861249.0,91215374.0,645875.0,79776875.0,1236274.0,1361361.0,1763886.0,816829.0,947057.0,2597635.0
2021-02-01,162073.0,100872.0,61201.0,341519130.0,25964294.0,14976155.0,10988139.0,180661053.0,180284798.0,376255.0,61162316.0,59984401.0,1177915.0,73731467.0,1233881.0,1358997.0,1763361.0,817008.0,946353.0,2592878.0
2021-03-01,162209.0,101025.0,61184.0,372420415.0,24212719.0,10676843.0,13535876.0,229471683.0,229054917.0,416766.0,34474309.0,33685519.0,788790.0,84261704.0,1230878.0,1355782.0,1764790.0,818531.0,946259.0,2586660.0
2021-04-01,162466.0,100725.0,61741.0,379905531.0,20595002.0,7916867.0,12678135.0,217115248.0,216719319.0,395929.0,62494615.0,61418115.0,1076500.0,79700666.0,1228167.0,1352839.0,1765197.0,819249.0,945948.0,2581006.0
2021-05-01,162498.0,100872.0,61626.0,351973874.0,17440559.0,4378156.0,13062403.0,224682862.0,224428477.0,254385.0,20619011.0,20286911.0,332100.0,89231442.0,1225276.0,1349428.0,1765323.0,819525.0,945798.0,2574704.0
2021-06-01,162766.0,101441.0,61325.0,317968492.0,13079834.0,3846342.0,9233492.0,157558398.0,157406787.0,151611.0,61023403.0,59939203.0,1084200.0,86306857.0,1223053.0,1347037.0,1765125.0,819719.0,945406.0,2570090.0
2021-07-01,162490.0,101345.0,61145.0,282553274.0,46230732.0,36679685.0,9551047.0,131371223.0,131154162.0,217061.0,21436578.0,21112303.0,324275.0,83514741.0,1219519.0,1343219.0,1764819.0,820017.0,944802.0,2562738.0
2021-08-01,180746.0,101479.0,79267.0,342426455.0,34898609.0,22675535.0,12223074.0,193327610.0,192998242.0,329368.0,56324568.0,55280918.0,1043650.0,57875668.0,1215490.0,1338308.0,1765149.0,819595.0,945554.0,2553798.0
2021-09-01,181748.0,101557.0,80191.0,293333367.0,35728352.0,24356971.0,11371381.0,175806511.0,175452471.0,354040.0,26017900.0,24933700.0,1084200.0,55780604.0,1211361.0,1333359.0,1766911.0,820837.0,946074.0,2544720.0
2021-10-01,181490.0,101601.0,79889.0,346793630.0,38666300.0,25551751.0,13114549.0,206142721.0,205792774.0,349947.0,50144484.0,49096234.0,1048250.0,51840125.0,1208385.0,1329914.0,1768132.0,820908.0,947224.0,2538299.0
2021-11-01,182231.0,102103.0,80128.0,337377692.0,41905915.0,28833517.0,13072398.0,199867963.0,199642798.0,225165.0,18603201.0,18281201.0,322000.0,77000613.0,1205310.0,1326349.0,1769899.0,821672.0,948227.0,2531659.0
2021-12-01,181980.0,102112.0,79868.0,200530746.0,33125191.0,20308704.0,12816487.0,204182294.0,203946869.0,235425.0,2596694.0,1433884.0,1162810.0,39373433.0,1201966.0,1322427.0,1770505.0,822312.0,948193.0,2524393.0
2022-01-01,183872.0,102877.0,80995.0,408891501.0,37755007.0,26670472.0,11084535.0,208355431.0,208168108.0,187323.0,61894975.0,61553365.0,341610.0,100886088.0,1197417.0,1317008.0,1770543.0,823052.0,947491.0,2514425.0
2022-02-01,183921.0,102986.0,80935.0,363919044.0,30882188.0,20829809.0,10052379.0,192444088.0,192268123.0,175965.0,46566196.0,45516551.0,1049645.0,94026572.0,1192907.0,1311690.0,1770987.0,823535.0,947452.0,2504597.0
2022-03-01,184235.0,103141.0,81094.0,381584821.0,41056993.0,29529443.0,11527550.0,215455591.0,215234865.0,220726.0,19450594.0,18927874.0,522720.0,105621643.0,1186053.0,1304392.0,1770416.0,823343.0,947073.0,2490445.0
2022-04-01,183746.0,103022.0,80724.0,410843607.0,41448371.0,29525541.0,11922830.0,222991379.0,222802869.0,188510.0,44834984.0,43764409.0,1070575.0,101568873.0,1179782.0,1298342.0,1770160.0,823798.0,946362.0,2478124.0
2022-05-01,183737.0,103011.0,80726.0,337933189.0,40907993.0,31602437.0,9305556.0,165951111.0,165782520.0,168591.0,16161917.0,15821142.0,340775.0,114912168.0,1175883.0,1294716.0,1769744.0,823826.0,945918.0,2470599.0
2022-06-01,184221.0,103197.0,81024.0,382239598.0,38311293.0,27710416.0,10600877.0,197316391.0,197125520.0,190871.0,47193994.0,46035769.0,1158225.0,99417920.0,1172552.0,1291900.0,1770705.0,824323.0,946382.0,2464452.0
2022-07-01,184148.0,103198.0,80950.0,381097629.0,39029244.0,27166725.0,11862519.0,224300497.0,224102514.0,197983.0,15404992.0,15082277.0,322715.0,102362896.0,1171248.0,1291234.0,1770999.0,824946.0,946053.0,2462482.0
2022-08-01,185452.0,103540.0,81912.0,416072689.0,44023209.0,31642289.0,12380920.0,230403425.0,230215605.0,187820.0,45447785.0,44408400.0,1039385.0,96198270.0,1170539.0,1291156.0,1772162.0,825902.0,946260.0,2461695.0
2022-09-01,185570.0,103734.0,81836.0,353991649.0,30981816.0,20111230.0,10870586.0,210242293.0,210064815.0,177478.0,18127424.0,17703909.0,423515.0,94640116.0,1169771.0,1291161.0,1773153.0,826128.0,947025.0,2460932.0
2022-10-01,185579.0,103688.0,81891.0,396357364.0,32149804.0,20416000.0,11733804.0,228365581.0,228167780.0,197801.0,44536180.0,43465865.0,1070315.0,91305799.0,1171422.0,1294188.0,1773709.0,826598.0,947111.0,2465610.0
2022-11-01,185270.0,103537.0,81733.0,352778873.0,40428436.0,29263741.0,11164695.0,207652578.0,207455162.0,197416.0,15055491.0,14737491.0,318000.0,89642368.0,1173910.0,1298637.0,1774410.0,827043.0,947367.0,2472547.0
2022-12-01,185085.0,103530.0,81555.0,218968213.0,27163811.0,17473276.0,9690535.0,187358365.0,187174721.0,183644.0,5598048.0,4438023.0,1160025.0,1152011.0,1177022.0,1303659.0,1774650.0,827756.0,946894.0,2480681.0
2023-01-01,188043.0,104718.0,83325.0,391065485.0,34056686.0,23277647.0,10779039.0,195296278.0,195112245.0,184033.0,58496349.0,58178249.0,318100.0,103216172.0,1180304.0,1307739.0,1774111.0,828300.0,945811.0,2488043.0
2023-02-01,187816.0,104521.0,83295.0,347953130.0,29046868.0,19422533.0,9624335.0,176087822.0,175906719.0,181103.0,46102217.0,45055712.0,1046505.0,96716223.0,1180829.0,1309304.0,1773247.0,828090.0,945157.0,2490133.0
2023-03-01,187808.0,105113.0,82695.0,387903747.0,34746097.0,22377150.0,12368947.0,228096849.0,227901903.0,194946.0,19926184.0,19635484.0,290700.0,105134617.0,1182407.0,1312406.0,1773217.0,828620.0,944597.0,2494813.0
2023-04-01,187439.0,104857.0,82582.0,432509988.0,44502099.0,31126791.0,13375308.0,239307705.0,239116905.0,190800.0,46818257.0,46235231.0,583026.0,101881927.0,1183796.0,1314692.0,1774136.0,829979.0,944157.0,2498488.0
2023-05-01,187124.0,104516.0,82608.0,364039494.0,38008868.0,26361866.0,11647002.0,209478375.0,209295486.0,182889.0,13730791.0,13178941.0,551850.0,102821460.0,1185015.0,1316973.0,1774586.0,831060.0,943526.0,2501988.0
2023-06-01,187907.0,104951.0,82956.0,429687587.0,38502352.0,25299268.0,13203084.0,241472279.0,241292576.0,179703.0,50569849.0,49998099.0,571750.0,99143107.0,1185819.0,1318868.0,1777371.0,833450.0,943921.0,2504687.0
2023-07-01,187668.0,104843.0,82825.0,370287959.0,38230278.0,26457381.0,11772897.0,212121773.0,211927842.0,193931.0,16791043.0,16057017.0,734026.0,103144865.0,1186600.0,1320543.0,1777725.0,834296.0,943429.0,2507143.0
2023-08-01,187890.0,104822.0,83068.0,407302053.0,41113353.0,28884515.0,12228838.0,218325297.0,218152968.0,172329.0,43264587.0,42945612.0,318975.0,104598816.0,1186136.0,1320652.0,1776937.0,833776.0,943161.0,2506788.0
2023-09-01,188109.0,105069.0,83040.0,363685802.0,39392314.0,27937463.0,11454851.0,204040897.0,203859640.0,181257.0,20168786.0,19761086.0,407700.0,100083805.0,1185453.0,1320798.0,1778003.0,834707.0,943296.0,2506251.0
2023-10-01,188599.0,105147.0,83452.0,421452847.0,35587411.0,22936962.0,12650449.0,233051073.0,232860603.0,190470.0,47130877.0,46051822.0,1079055.0,105683486.0,1186177.0,1322481.0,1778055.0,835523.0,942532.0,2508658.0
2023-11-01,188404.0,105201.0,83203.0,374771467.0,44208759.0,31867731.0,12341028.0,217041503.0,216894768.0,146735.0,13231702.0,12938142.0,293560.0,100289503.0,1186475.0,1323419.0,1778401.0,836551.0,941850.0,2509894.0
2023-12-01,188954.0,105632.0,83322.0,337490018.0,34638920.0,15637949.0,19000971.0,190938019.0,190734529.0,203490.0,7476868.0,6395188.0,1081680.0,104436211.0,1187064.0,1324822.0,1777720.0,836911.0,940809.0,2511886.0
2024-01-01,188984.0,105647.0,83337.0,407927905.0,39154056.0,27543095.0,11610961.0,207816813.0,207523778.0,293035.0,55395446.0,55089201.0,306245.0,105561590.0,1186485.0,1324806.0,1776449.0,837653.0,938796.0,2511291.0
2024-02-01,188497.0,105593.0,82904.0,358031813.0,31132643.0,20818762.0,10313881.0,186320273.0,186152924.0,167349.0,45784059.0,44755054.0,1029005.0,94794838.0,1185840.0,1324637.0,1775355.0,837206.0,938149.0,2510477.0
